fuente;codigo;categoria;nombre_es;nombre_en;habitual;nota_kcal
CIQUAL;36017;Carnes y aves;Pechuga de pollo, cruda;Chicken breast, raw;s
CIQUAL;36018;Carnes y aves;Pechuga de pollo, a la plancha;Chicken breast, grilled;
CIQUAL;36024;Carnes y aves;Muslo de pollo sin piel, crudo;Chicken thigh, skinless, raw;
CIQUAL;36006;Carnes y aves;Muslo de pollo sin piel, asado;Chicken thigh, skinless, roasted;
CIQUAL;36002;Carnes y aves;Muslo de pollo con piel, crudo;Chicken thigh with skin, raw;
CIQUAL;36023;Carnes y aves;Alitas de pollo, crudas;Chicken wings, raw;
CIQUAL;36005;Carnes y aves;Pollo asado con piel;Roast chicken with skin;
CIQUAL;36304;Carnes y aves;Pechuga de pavo, cruda;Turkey breast, raw;
CIQUAL;36306;Carnes y aves;Pechuga de pavo, a la plancha;Turkey breast, grilled;
CIQUAL;36307;Carnes y aves;Muslo de pavo sin piel, crudo;Turkey thigh, skinless, raw;
CIQUAL;6201;Carnes y aves;Filete de ternera, crudo;Beef steak, raw;
CIQUAL;6206;Carnes y aves;Cadera de ternera, cruda;Beef rump, raw;
CIQUAL;6207;Carnes y aves;Cadera de ternera, a la plancha;Beef rump, grilled;
CIQUAL;6116;Carnes y aves;Solomillo de ternera, crudo;Beef tenderloin, raw;
CIQUAL;6103;Carnes y aves;Entrecot de ternera, crudo;Beef rib-eye, raw;
CIQUAL;6250;Carnes y aves;Carne picada de ternera 5 % grasa, cruda;Lean ground beef 5% fat, raw;
CIQUAL;6252;Carnes y aves;Carne picada de ternera 10 % grasa, cruda;Ground beef 10% fat, raw;
CIQUAL;6256;Carnes y aves;Carne picada de ternera 20 % grasa, cruda;Ground beef 20% fat, raw;
CIQUAL;6253;Carnes y aves;Carne picada de ternera 10 % grasa, cocinada;Ground beef 10% fat, cooked;
CIQUAL;6231;Carnes y aves;Ternera para guisar, cruda;Stewing beef, raw;
CIQUAL;6521;Carnes y aves;Escalope de ternera, crudo;Veal escalope, raw;
CIQUAL;28204;Carnes y aves;Solomillo de cerdo, crudo;Pork tenderloin, raw;
CIQUAL;28203;Carnes y aves;Solomillo de cerdo, cocinado;Pork tenderloin, cooked;
CIQUAL;28100;Carnes y aves;Chuleta de cerdo, cruda;Pork chop, raw;
CIQUAL;28101;Carnes y aves;Chuleta de cerdo, a la plancha;Pork chop, grilled;
CIQUAL;28302;Carnes y aves;Aguja de cerdo, cruda;Pork shoulder, raw;
CIQUAL;28002;Carnes y aves;Panceta de cerdo, cruda;Pork belly, raw;
CIQUAL;28472;Carnes y aves;Carne picada de cerdo, cruda;Ground pork, raw;
CIQUAL;21521;Carnes y aves;Chuletas de cordero, crudas;Lamb chops, raw;
CIQUAL;21502;Carnes y aves;Pierna de cordero, cruda;Leg of lamb, raw;
CIQUAL;34001;Carnes y aves;Conejo, crudo;Rabbit, raw;
CIQUAL;34002;Carnes y aves;Conejo, cocinado;Rabbit, cooked;
CIQUAL;36206;Carnes y aves;Magret de pato, crudo;Duck breast, raw;
CIQUAL;36101;Carnes y aves;Codorniz, cruda;Quail, raw;
CIQUAL;6900;Carnes y aves;Carne de caballo, cruda;Horse meat, raw;
CIQUAL;40108;Carnes y aves;Hígado de pollo, crudo;Chicken liver, raw;
CIQUAL;40106;Carnes y aves;Hígado de ternera, crudo;Calf liver, raw;
CIQUAL;28845;Carnes y aves;Jamón serrano;Serrano ham;s
CIQUAL;28910;Carnes y aves;Jamón cocido;Cooked ham;s
CIQUAL;28900;Carnes y aves;Jamón cocido extra;Premium cooked ham;
CIQUAL;28964;Carnes y aves;Pechuga de pavo en lonchas;Sliced turkey breast;s
CIQUAL;28963;Carnes y aves;Pechuga de pollo en lonchas;Sliced chicken breast;
CIQUAL;30315;Carnes y aves;Chorizo;Chorizo;
CIQUAL;30300;Carnes y aves;Salchichón o fuet;Dry-cured sausage (salchichón, fuet);
CIQUAL;30350;Carnes y aves;Salami;Salami;
CIQUAL;30789;Carnes y aves;Mortadela;Mortadella;
CIQUAL;8703;Carnes y aves;Morcilla;Black pudding;
CIQUAL;30131;Carnes y aves;Salchichas de pollo tipo Frankfurt;Chicken frankfurters;
CIQUAL;30110;Carnes y aves;Salchicha fresca de cerdo, cruda;Fresh pork sausage, raw;
CIQUAL;28502;Carnes y aves;Bacon ahumado;Smoked bacon;
CIQUAL;28727;Carnes y aves;Lomo de cerdo curado;Cured pork loin;
CIQUAL;8316;Carnes y aves;Paté de hígado;Liver pâté;
CIQUAL;36027;Carnes y aves;Nuggets de pollo;Chicken nuggets;
CIQUAL;36318;Carnes y aves;Filete de pavo empanado;Breaded turkey cutlet;
CIQUAL;25163;Carnes y aves;Albóndigas de ternera, cocinadas;Beef meatballs, cooked;
CIQUAL;26036;Pescado y marisco;Salmón, crudo;Salmon, raw;s
CIQUAL;26230;Pescado y marisco;Salmón, al horno;Salmon, baked;
CIQUAL;26037;Pescado y marisco;Salmón ahumado;Smoked salmon;
CIQUAL;26039;Pescado y marisco;Atún al natural, en lata;Canned tuna in water;s
CIQUAL;26180;Pescado y marisco;Atún en aceite, en lata;Canned tuna in oil;
CIQUAL;26053;Pescado y marisco;Atún fresco, crudo;Fresh tuna, raw;
CIQUAL;26044;Pescado y marisco;Merluza, cruda;Hake, raw;
CIQUAL;26120;Pescado y marisco;Merluza, cocinada;Hake, cooked;
CIQUAL;26043;Pescado y marisco;Bacalao fresco, crudo;Cod, raw;
CIQUAL;26098;Pescado y marisco;Bacalao salado, seco;Salt cod, dried;
CIQUAL;26024;Pescado y marisco;Bacalao desalado, cocido;Salt cod, desalted and boiled;
CIQUAL;26065;Pescado y marisco;Sardinas, crudas;Sardines, raw;
CIQUAL;26040;Pescado y marisco;Sardinas en aceite de oliva, en lata;Canned sardines in olive oil;
CIQUAL;26051;Pescado y marisco;Caballa, cruda;Mackerel, raw;
CIQUAL;26079;Pescado y marisco;Boquerones, crudos;Anchovies, raw;
CIQUAL;26694;Pescado y marisco;Anchoas en aceite de oliva;Anchovy fillets in olive oil;
CIQUAL;26088;Pescado y marisco;Dorada, cruda;Gilthead sea bream, raw;
CIQUAL;26134;Pescado y marisco;Carbonero, crudo;Coley, raw;
CIQUAL;26006;Pescado y marisco;Abadejo, crudo;Pollock, raw;
CIQUAL;26058;Pescado y marisco;Lenguado, crudo;Sole, raw;
CIQUAL;27009;Pescado y marisco;Trucha, cruda;Trout, raw;
CIQUAL;26018;Pescado y marisco;Rape, crudo;Monkfish, raw;
CIQUAL;26174;Pescado y marisco;Rodaballo, crudo;Turbot, raw;
CIQUAL;26082;Pescado y marisco;Pez espada, crudo;Swordfish, raw;
CIQUAL;26011;Pescado y marisco;Arenque, crudo;Herring, raw;
CIQUAL;10021;Pescado y marisco;Gambas, crudas;Prawns, raw;
CIQUAL;10007;Pescado y marisco;Gambas, cocidas;Prawns, cooked;
CIQUAL;10024;Pescado y marisco;Cigalas, crudas;Langoustines, raw;
CIQUAL;10014;Pescado y marisco;Mejillones, crudos;Mussels, raw;
CIQUAL;10013;Pescado y marisco;Mejillones, cocidos;Mussels, cooked;
CIQUAL;10001;Pescado y marisco;Calamar, crudo;Squid, raw;
CIQUAL;10002;Pescado y marisco;Calamares a la romana;Battered squid rings;
CIQUAL;10018;Pescado y marisco;Pulpo, crudo;Octopus, raw;
CIQUAL;10079;Pescado y marisco;Pulpo, cocido;Octopus, cooked;
CIQUAL;10016;Pescado y marisco;Sepia, cruda;Cuttlefish, raw;
CIQUAL;10017;Pescado y marisco;Almejas, crudas;Clams, raw;
CIQUAL;26046;Pescado y marisco;Surimi;Surimi;
CIQUAL;26028;Pescado y marisco;Varitas de pescado empanadas;Breaded fish fingers;
CIQUAL;22000;Huevos;Huevo;Egg;s
CIQUAL;22010;Huevos;Huevo duro;Hard-boiled egg;
CIQUAL;22011;Huevos;Huevo escalfado;Poached egg;
CIQUAL;22505;Huevos;Huevo a la plancha;Fried egg, no oil;
USDA;173423;Huevos;Huevo frito;Fried egg;
CIQUAL;22502;Huevos;Huevos revueltos;Scrambled eggs;
CIQUAL;22001;Huevos;Clara de huevo;Egg white;s
CIQUAL;22002;Huevos;Yema de huevo;Egg yolk;
CIQUAL;22500;Huevos;Tortilla francesa;Plain omelette;
CIQUAL;22510;Huevos;Tortilla de patatas;Spanish potato omelette;
CIQUAL;22050;Huevos;Huevo de codorniz;Quail egg;
CIQUAL;19041;Lácteos;Leche semidesnatada;Semi-skimmed milk;s
CIQUAL;19023;Lácteos;Leche entera;Whole milk;
CIQUAL;19050;Lácteos;Leche desnatada;Skimmed milk;
CIQUAL;19060;Lácteos;Leche sin lactosa semidesnatada;Lactose-free semi-skimmed milk;
CIQUAL;19593;Lácteos;Yogur natural;Plain yogurt;s
CIQUAL;19594;Lácteos;Yogur natural desnatado;Plain fat-free yogurt;
CIQUAL;19599;Lácteos;Yogur natural azucarado;Sweetened plain yogurt;
CIQUAL;19575;Lácteos;Yogur de sabores;Flavoured yogurt;
CIQUAL;19587;Lácteos;Yogur con frutas;Fruit yogurt;
CIQUAL;19860;Lácteos;Yogur griego natural;Plain Greek-style yogurt;
USDA;170894;Lácteos;Yogur griego natural desnatado;Plain non-fat Greek yogurt;
CIQUAL;19724;Lácteos;Yogur alto en proteínas, natural;High-protein plain yogurt;
CIQUAL;19865;Lácteos;Kéfir;Kefir;
CIQUAL;19644;Lácteos;Queso batido desnatado;Fat-free quark;
CIQUAL;19646;Lácteos;Queso batido natural;Plain quark;
USDA;173417;Lácteos;Queso cottage;Cottage cheese;
CIQUAL;12068;Lácteos;Queso fresco para untar;Cream cheese spread;
CIQUAL;12069;Lácteos;Queso fresco para untar, light;Light cream cheese spread;
USDA;171248;Lácteos;Requesón;Ricotta;
CIQUAL;19590;Lácteos;Mozzarella;Mozzarella;
CIQUAL;12072;Lácteos;Burrata;Burrata;
CIQUAL;12120;Lácteos;Parmesano;Parmesan;
CIQUAL;12122;Lácteos;Queso de oveja curado;Cured sheep's cheese;
CIQUAL;12747;Lácteos;Queso de oveja semicurado;Semi-cured sheep's cheese;
CIQUAL;12115;Lácteos;Emmental;Emmental;
CIQUAL;12736;Lácteos;Gouda;Gouda;
CIQUAL;12729;Lácteos;Edam;Edam;
CIQUAL;12726;Lácteos;Cheddar;Cheddar;
CIQUAL;12020;Lácteos;Brie;Brie;
CIQUAL;12001;Lácteos;Camembert;Camembert;
CIQUAL;12812;Lácteos;Rulo de cabra;Goat's cheese log;
CIQUAL;12066;Lácteos;Queso feta;Feta cheese;
CIQUAL;12300;Lácteos;Queso en lonchas fundido;Processed cheese slices;
CIQUAL;12303;Lácteos;Quesitos;Processed cheese triangles;
CIQUAL;12775;Lácteos;Queso rallado;Grated cheese;
CIQUAL;16400;Lácteos;Mantequilla;Butter;
CIQUAL;16415;Lácteos;Mantequilla light;Light butter;
CIQUAL;19417;Lácteos;Nata para cocinar 30 %;Cooking cream 30%;
CIQUAL;19436;Lácteos;Nata ligera 15 %;Light cream 15%;
USDA;170859;Lácteos;Nata para montar;Heavy whipping cream;
CIQUAL;19674;Lácteos;Flan de huevo;Egg custard flan;
CIQUAL;39229;Lácteos;Natillas de vainilla;Vanilla custard;
CIQUAL;39212;Lácteos;Arroz con leche;Rice pudding;
CIQUAL;39200;Lácteos;Natillas de chocolate;Chocolate custard;
CIQUAL;20585;Legumbres;Lentejas, secas;Lentils, dry;
CIQUAL;20587;Legumbres;Lentejas, cocidas;Lentils, cooked;s
CIQUAL;20535;Legumbres;Lentejas rojas, secas;Red lentils, dry;
CIQUAL;20510;Legumbres;Lentejas de bote;Canned lentils;
CIQUAL;20516;Legumbres;Garbanzos, secos;Chickpeas, dry;
CIQUAL;20507;Legumbres;Garbanzos, cocidos;Chickpeas, cooked;s
CIQUAL;20532;Legumbres;Garbanzos de bote;Canned chickpeas;
CIQUAL;20501;Legumbres;Alubias blancas, secas;White beans, dry;
CIQUAL;20502;Legumbres;Alubias blancas, cocidas;White beans, cooked;
CIQUAL;20511;Legumbres;Alubias blancas de bote;Canned white beans;
CIQUAL;20525;Legumbres;Alubias rojas, secas;Kidney beans, dry;
CIQUAL;20503;Legumbres;Alubias rojas, cocidas;Kidney beans, cooked;
CIQUAL;20524;Legumbres;Alubias rojas de bote;Canned kidney beans;
CIQUAL;20500;Legumbres;Habas, cocidas;Broad beans, cooked;
CIQUAL;20072;Legumbres;Guisantes, crudos;Green peas, raw;
CIQUAL;20124;Legumbres;Guisantes congelados, cocidos;Frozen peas, cooked;
CIQUAL;20901;Legumbres;Soja en grano;Soybeans;
USDA;168411;Legumbres;Edamame, cocido;Edamame, cooked;;USDA calcula la energía de la soja con factores de Atwater propios (proteína 3,47, grasa 8,37 e hidratos 4,07 kcal/g)
CIQUAL;20904;Legumbres;Tofu;Tofu;
USDA;174272;Legumbres;Tempeh;Tempeh;;USDA calcula la energía de la soja con factores de Atwater propios (proteína 3,47, grasa 8,37 e hidratos 4,07 kcal/g)
CIQUAL;20591;Legumbres;Soja texturizada, hidratada;Textured soy protein, rehydrated;
CIQUAL;25621;Legumbres;Hummus;Hummus;
CIQUAL;9100;Cereales y pan;Arroz blanco, crudo;White rice, uncooked;
CIQUAL;9104;Cereales y pan;Arroz blanco, cocido;White rice, cooked;s
CIQUAL;9102;Cereales y pan;Arroz integral, crudo;Brown rice, uncooked;
CIQUAL;9103;Cereales y pan;Arroz integral, cocido;Brown rice, cooked;
CIQUAL;9125;Cereales y pan;Arroz basmati, cocido;Basmati rice, cooked;
CIQUAL;9810;Cereales y pan;Pasta, cruda;Pasta, uncooked;
CIQUAL;9811;Cereales y pan;Pasta, cocida;Pasta, cooked;s
CIQUAL;9870;Cereales y pan;Pasta integral, cruda;Whole-wheat pasta, uncooked;
CIQUAL;9871;Cereales y pan;Pasta integral, cocida;Whole-wheat pasta, cooked;
CIQUAL;9815;Cereales y pan;Pasta fresca al huevo, cruda;Fresh egg pasta, uncooked;
CIQUAL;25216;Cereales y pan;Pasta rellena, cocida;Filled pasta, cooked;
CIQUAL;9863;Cereales y pan;Fideos orientales, crudos;Asian noodles, uncooked;
CIQUAL;9901;Cereales y pan;Fideos de arroz, cocidos;Rice noodles, cooked;
CIQUAL;9610;Cereales y pan;Sémola de trigo, cruda;Wheat semolina, uncooked;
CIQUAL;9683;Cereales y pan;Cuscús, cocido;Couscous, cooked;
CIQUAL;9340;Cereales y pan;Quinoa, cruda;Quinoa, uncooked;
CIQUAL;9341;Cereales y pan;Quinoa, cocida;Quinoa, cooked;
CIQUAL;9691;Cereales y pan;Bulgur, cocido;Bulgur, cooked;
CIQUAL;9615;Cereales y pan;Polenta, cocida;Polenta, cooked;
CIQUAL;32140;Cereales y pan;Copos de avena;Rolled oats;s
CIQUAL;32004;Cereales y pan;Muesli;Muesli;
CIQUAL;32005;Cereales y pan;Copos de maíz;Corn flakes;
CIQUAL;32003;Cereales y pan;Cereales de desayuno;Breakfast cereal;
CIQUAL;7001;Cereales y pan;Pan blanco;White bread;s
CIQUAL;7110;Cereales y pan;Pan integral;Wholemeal bread;
CIQUAL;7100;Cereales y pan;Pan de pueblo;Country bread;
CIQUAL;7255;Cereales y pan;Pan con semillas;Seeded bread;
CIQUAL;7125;Cereales y pan;Pan de centeno;Rye bread;
CIQUAL;7200;Cereales y pan;Pan de molde blanco;White sandwich bread;
CIQUAL;7111;Cereales y pan;Pan de molde integral;Wholemeal sandwich bread;
CIQUAL;7130;Cereales y pan;Pan sin gluten;Gluten-free bread;
CIQUAL;7259;Cereales y pan;Pan de hamburguesa;Burger bun;
CIQUAL;7180;Cereales y pan;Pan de pita;Pita bread;
CIQUAL;7815;Cereales y pan;Tortilla de trigo;Wheat tortilla;
CIQUAL;7813;Cereales y pan;Tortilla de maíz;Corn tortilla;
CIQUAL;7300;Cereales y pan;Pan tostado;Crispbread toast;
CIQUAL;7340;Cereales y pan;Pan tostado integral;Wholemeal crispbread toast;
CIQUAL;7352;Cereales y pan;Tortitas de arroz;Rice cakes;
CIQUAL;7354;Cereales y pan;Tortitas de maíz;Corn cakes;
CIQUAL;7525;Cereales y pan;Picos de pan;Breadsticks;
CIQUAL;7351;Cereales y pan;Crackers;Crackers;
CIQUAL;9435;Cereales y pan;Harina de trigo;Wheat flour;
CIQUAL;9415;Cereales y pan;Harina integral de trigo;Wholemeal wheat flour;
CIQUAL;7615;Cereales y pan;Cruasán;Croissant;
CIQUAL;7730;Cereales y pan;Napolitana de chocolate;Pain au chocolat;
CIQUAL;7746;Cereales y pan;Brioche;Brioche;
CIQUAL;4008;Cereales y pan;Patata, cruda;Potato, raw;
CIQUAL;4003;Cereales y pan;Patata, cocida;Potato, boiled;s
CIQUAL;4026;Cereales y pan;Patata, asada;Potato, baked;
CIQUAL;4018;Cereales y pan;Puré de patata;Mashed potatoes;
CIQUAL;4032;Cereales y pan;Patatas fritas, caseras;French fries;
CIQUAL;4101;Cereales y pan;Boniato, crudo;Sweet potato, raw;
CIQUAL;4102;Cereales y pan;Boniato, cocinado;Sweet potato, cooked;
CIQUAL;25510;Cereales y pan;Ñoquis de patata, cocidos;Potato gnocchi, cooked;
CIQUAL;13005;Frutas;Plátano;Banana;s
CIQUAL;13039;Frutas;Manzana;Apple;s
CIQUAL;13037;Frutas;Pera;Pear;
CIQUAL;13034;Frutas;Naranja;Orange;s
CIQUAL;13024;Frutas;Mandarina;Mandarin;
CIQUAL;13043;Frutas;Melocotón;Peach;
CIQUAL;13399;Frutas;Nectarina;Nectarine;
CIQUAL;13000;Frutas;Albaricoque;Apricot;
CIQUAL;13100;Frutas;Ciruela;Plum;
CIQUAL;13008;Frutas;Cerezas;Cherries;
CIQUAL;13014;Frutas;Fresas;Strawberries;s
CIQUAL;13015;Frutas;Frambuesas;Raspberries;
CIQUAL;13028;Frutas;Arándanos;Blueberries;
CIQUAL;13029;Frutas;Moras;Blackberries;
CIQUAL;13395;Frutas;Uvas;Grapes;
CIQUAL;13026;Frutas;Melón cantalupo;Cantaloupe melon;
CIQUAL;13742;Frutas;Melón piel de sapo;Honeydew melon;
CIQUAL;13036;Frutas;Sandía;Watermelon;
CIQUAL;13002;Frutas;Piña;Pineapple;
CIQUAL;13025;Frutas;Mango;Mango;
CIQUAL;13021;Frutas;Kiwi;Kiwi;
CIQUAL;13035;Frutas;Papaya;Papaya;
CIQUAL;13012;Frutas;Higos;Figs;
CIQUAL;13018;Frutas;Granada;Pomegranate;
CIQUAL;13009;Frutas;Limón;Lemon;
CIQUAL;13040;Frutas;Pomelo;Grapefruit;
CIQUAL;13066;Frutas;Caqui;Persimmon;
CIQUAL;13564;Frutas;Níspero;Loquat;
CIQUAL;13023;Frutas;Lichi;Lychee;
CIQUAL;13016;Frutas;Maracuyá;Passion fruit;
CIQUAL;13004;Frutas;Aguacate;Avocado;s
CIQUAL;15006;Frutas;Coco fresco;Fresh coconut;
CIQUAL;13011;Frutas;Dátiles;Dates;
CIQUAL;13046;Frutas;Pasas;Raisins;
CIQUAL;13042;Frutas;Ciruelas pasas;Prunes;
CIQUAL;13001;Frutas;Orejones de albaricoque;Dried apricots;
CIQUAL;13013;Frutas;Higos secos;Dried figs;
CIQUAL;13089;Frutas;Plátano deshidratado;Dried banana;
CIQUAL;13038;Frutas;Compota de manzana;Apple compote;
CIQUAL;13134;Frutas;Macedonia de frutas;Fruit salad;
CIQUAL;13033;Frutas;Aceitunas verdes;Green olives;
CIQUAL;13032;Frutas;Aceitunas negras;Black olives;
CIQUAL;20385;Verduras;Tomate;Tomato;s
CIQUAL;20172;Verduras;Tomate cherry;Cherry tomatoes;
CIQUAL;20048;Verduras;Tomate pelado en conserva;Canned peeled tomatoes;
CIQUAL;20170;Verduras;Tomate triturado;Crushed tomatoes;
CIQUAL;20068;Verduras;Concentrado de tomate;Tomato paste;
CIQUAL;20019;Verduras;Pepino;Cucumber;
CIQUAL;20031;Verduras;Lechuga;Lettuce;s
CIQUAL;20171;Verduras;Lechuga romana;Romaine lettuce;
CIQUAL;20200;Verduras;Lechuga iceberg;Iceberg lettuce;
CIQUAL;20217;Verduras;Rúcula;Rocket;
CIQUAL;20099;Verduras;Canónigos;Lamb's lettuce;
CIQUAL;20059;Verduras;Espinacas, crudas;Spinach, raw;
CIQUAL;20027;Verduras;Espinacas, cocidas;Spinach, cooked;
CIQUAL;20346;Verduras;Kale;Kale;
CIQUAL;20057;Verduras;Brócoli, crudo;Broccoli, raw;
CIQUAL;20351;Verduras;Brócoli, cocido;Broccoli, cooked;
CIQUAL;20016;Verduras;Coliflor, cruda;Cauliflower, raw;
CIQUAL;20017;Verduras;Coliflor, cocida;Cauliflower, cooked;
CIQUAL;20058;Verduras;Coles de Bruselas;Brussels sprouts;
CIQUAL;20069;Verduras;Repollo;Green cabbage;
CIQUAL;20014;Verduras;Lombarda;Red cabbage;
CIQUAL;20009;Verduras;Zanahoria;Carrot;s
CIQUAL;20307;Verduras;Zanahoria, cocida;Carrot, cooked;
CIQUAL;20020;Verduras;Calabacín;Courgette;
CIQUAL;20021;Verduras;Calabacín, cocinado;Courgette, cooked;
CIQUAL;20053;Verduras;Berenjena;Aubergine;
CIQUAL;20087;Verduras;Pimiento rojo;Red pepper;
CIQUAL;20085;Verduras;Pimiento verde;Green pepper;
CIQUAL;20275;Verduras;Pimiento asado en conserva;Canned roasted pepper;
CIQUAL;20034;Verduras;Cebolla;Onion;
CIQUAL;20238;Verduras;Cebolla morada;Red onion;
CIQUAL;20035;Verduras;Cebolla, cocinada;Onion, cooked;
CIQUAL;11000;Verduras;Ajo;Garlic;
CIQUAL;20039;Verduras;Puerro;Leek;
CIQUAL;20023;Verduras;Apio;Celery;
CIQUAL;20056;Verduras;Champiñones;Mushrooms;
CIQUAL;20125;Verduras;Champiñones salteados;Sautéed mushrooms;
CIQUAL;20114;Verduras;Setas;Oyster mushrooms;
CIQUAL;20061;Verduras;Judías verdes;Green beans;
CIQUAL;20030;Verduras;Judías verdes, cocidas;Green beans, cooked;
CIQUAL;20279;Verduras;Espárragos verdes;Green asparagus;
CIQUAL;20076;Verduras;Espárragos blancos en conserva;Canned white asparagus;
CIQUAL;20052;Verduras;Alcachofa;Artichoke;
CIQUAL;20000;Verduras;Alcachofa, cocida;Artichoke, cooked;
CIQUAL;20091;Verduras;Remolacha, cruda;Beetroot, raw;
CIQUAL;20003;Verduras;Remolacha, cocida;Beetroot, cooked;
CIQUAL;20045;Verduras;Rábanos;Radishes;
CIQUAL;20044;Verduras;Calabaza;Pumpkin;
CIQUAL;20138;Verduras;Calabaza butternut;Butternut squash;
CIQUAL;20026;Verduras;Endibia;Chicory;
CIQUAL;20004;Verduras;Acelgas;Swiss chard;
CIQUAL;20028;Verduras;Hinojo;Fennel;
CIQUAL;20064;Verduras;Nabo;Turnip;
CIQUAL;20066;Verduras;Maíz dulce en conserva;Canned sweet corn;
CIQUAL;20183;Verduras;Brotes de soja;Bean sprouts;
CIQUAL;11014;Verduras;Perejil;Parsley;
CIQUAL;11004;Verduras;Pepinillos en vinagre;Pickled gherkins;
CIQUAL;25967;Verduras;Gazpacho;Gazpacho;
CIQUAL;15000;Frutos secos;Almendras;Almonds;s
CIQUAL;15042;Frutos secos;Almendras tostadas saladas;Salted roasted almonds;
CIQUAL;15005;Frutos secos;Nueces;Walnuts;s
CIQUAL;15004;Frutos secos;Avellanas;Hazelnuts;
CIQUAL;15054;Frutos secos;Anacardos;Cashews;
CIQUAL;15044;Frutos secos;Pistachos;Pistachios;
CIQUAL;15001;Frutos secos;Cacahuetes;Peanuts;
CIQUAL;15002;Frutos secos;Cacahuetes tostados salados;Salted roasted peanuts;
CIQUAL;15008;Frutos secos;Nueces de Brasil;Brazil nuts;
CIQUAL;15027;Frutos secos;Nueces de macadamia;Macadamia nuts;
CIQUAL;15025;Frutos secos;Piñones;Pine nuts;
CIQUAL;15066;Frutos secos;Frutos secos variados;Mixed nuts;
CIQUAL;15011;Frutos secos;Pipas de girasol;Sunflower seeds;
CIQUAL;15064;Frutos secos;Pipas de calabaza;Pumpkin seeds;
CIQUAL;15047;Frutos secos;Semillas de chía;Chia seeds;
CIQUAL;15034;Frutos secos;Semillas de lino;Flaxseed;
CIQUAL;15010;Frutos secos;Sésamo;Sesame seeds;
CIQUAL;15202;Frutos secos;Crema de cacahuete;Peanut butter;s
CIQUAL;15007;Frutos secos;Coco rallado;Desiccated coconut;
CIQUAL;17270;Aceites y grasas;Aceite de oliva virgen extra;Extra virgin olive oil;s
CIQUAL;17440;Aceites y grasas;Aceite de girasol;Sunflower oil;
CIQUAL;17130;Aceites y grasas;Aceite de colza;Rapeseed oil;
CIQUAL;16050;Aceites y grasas;Aceite de coco;Coconut oil;
CIQUAL;16520;Aceites y grasas;Manteca de cerdo;Lard;
CIQUAL;11054;Aceites y grasas;Mayonesa;Mayonnaise;
CIQUAL;11079;Aceites y grasas;Mayonesa light;Light mayonnaise;
CIQUAL;11168;Aceites y grasas;Alioli;Aioli;
CIQUAL;11108;Aceites y grasas;Vinagreta de aceite de oliva;Olive oil vinaigrette;
CIQUAL;18045;Bebidas;Agua;Water;
CIQUAL;18004;Bebidas;Café solo;Black coffee;s
CIQUAL;18151;Bebidas;Café con leche sin azúcar;Coffee with milk, unsweetened;
CIQUAL;18154;Bebidas;Té negro;Black tea;
CIQUAL;18155;Bebidas;Té verde;Green tea;
CIQUAL;18022;Bebidas;Infusión;Herbal tea;
CIQUAL;2013;Bebidas;Zumo de naranja natural;Fresh orange juice;
CIQUAL;2070;Bebidas;Zumo de naranja envasado;Bottled orange juice;
CIQUAL;2074;Bebidas;Zumo de manzana;Apple juice;
CIQUAL;2016;Bebidas;Zumo de uva;Grape juice;
CIQUAL;18018;Bebidas;Refresco de cola;Cola;
CIQUAL;18010;Bebidas;Gaseosa;Lemonade soda;
CIQUAL;18348;Bebidas;Bebida isotónica;Sports drink;
CIQUAL;18352;Bebidas;Bebida energética;Energy drink;
CIQUAL;18025;Bebidas;Kombucha;Kombucha;
CIQUAL;18900;Bebidas;Bebida de soja;Soy drink;
CIQUAL;18899;Bebidas;Bebida de avena;Oat drink;
CIQUAL;18107;Bebidas;Bebida de almendra;Almond drink;
CIQUAL;18904;Bebidas;Bebida de arroz;Rice drink;
CIQUAL;18104;Bebidas;Cacao soluble con leche;Hot chocolate with milk;
CIQUAL;5001;Bebidas;Cerveza;Beer;
CIQUAL;5214;Bebidas;Vino tinto;Red wine;
CIQUAL;5215;Bebidas;Vino blanco;White wine;
CIQUAL;5216;Bebidas;Vino rosado;Rosé wine;
CIQUAL;5201;Bebidas;Cava;Sparkling wine;
CIQUAL;5003;Bebidas;Sidra;Cider;
CIQUAL;1017;Bebidas;Sangría;Sangria;
CIQUAL;1007;Bebidas;Vermut;Vermouth;
CIQUAL;1005;Bebidas;Whisky;Whisky;
CIQUAL;1004;Bebidas;Ron;Rum;
CIQUAL;1002;Bebidas;Ginebra;Gin;
CIQUAL;1008;Bebidas;Vodka;Vodka;
USDA;173180;Suplementos;Proteína de suero en polvo;Whey protein powder;s
USDA;173177;Suplementos;Proteína de suero aislada en polvo;Whey protein isolate powder;
USDA;174276;Suplementos;Proteína de soja aislada;Soy protein isolate;;USDA calcula la energía de la soja con factores de Atwater propios (proteína 3,47, grasa 8,37 e hidratos 4,07 kcal/g)
CIQUAL;11007;Suplementos;Gelatina en polvo;Gelatin powder;
CIQUAL;22004;Suplementos;Clara de huevo en polvo;Egg white powder;
CIQUAL;11009;Suplementos;Levadura de cerveza;Brewer's yeast;
CIQUAL;9660;Suplementos;Germen de trigo;Wheat germ;
CIQUAL;31104;Suplementos;Barrita sustitutiva;Meal replacement bar;
CIQUAL;4004;Snacks;Patatas fritas de bolsa;Potato crisps;
CIQUAL;38417;Snacks;Nachos;Tortilla chips;
CIQUAL;9231;Snacks;Palomitas;Popcorn;
CIQUAL;9230;Snacks;Palomitas saladas con aceite;Salted popcorn with oil;
CIQUAL;24001;Snacks;Galletas María;Plain biscuits;
CIQUAL;24020;Snacks;Galletas integrales;Wholegrain biscuits;
CIQUAL;24036;Snacks;Galletas de chocolate;Chocolate biscuits;
CIQUAL;24684;Snacks;Cookies;Chocolate chip cookies;
CIQUAL;24632;Snacks;Magdalenas;Madeleine cakes;
CIQUAL;23925;Snacks;Bizcocho;Sponge cake;
CIQUAL;23585;Snacks;Pastel de chocolate;Chocolate cake;
CIQUAL;23880;Snacks;Donut;Doughnut;
CIQUAL;23799;Snacks;Crepe;Crepe;
CIQUAL;23850;Snacks;Gofre;Waffle;
CIQUAL;31106;Snacks;Barrita de cereales con chocolate;Chocolate cereal bar;
CIQUAL;31113;Snacks;Barrita de cereales con frutas;Fruit cereal bar;
CIQUAL;31004;Snacks;Chocolate con leche;Milk chocolate;
CIQUAL;31005;Snacks;Chocolate negro;Dark chocolate;
CIQUAL;31010;Snacks;Chocolate blanco;White chocolate;
CIQUAL;31032;Snacks;Crema de cacao y avellanas;Chocolate hazelnut spread;
CIQUAL;31000;Snacks;Barrita de chocolate;Chocolate bar;
CIQUAL;31060;Snacks;Gominolas;Gummy sweets;
CIQUAL;39515;Snacks;Helado;Ice cream;
CIQUAL;39524;Snacks;Sorbete;Sorbet;
CIQUAL;39526;Snacks;Polo de hielo;Ice lolly;
CIQUAL;31016;Otro;Azúcar;Sugar;
CIQUAL;31017;Otro;Azúcar moreno;Brown sugar;
CIQUAL;31008;Otro;Miel;Honey;
CIQUAL;31034;Otro;Sirope de arce;Maple syrup;
CIQUAL;31024;Otro;Mermelada de fresa;Strawberry jam;
CIQUAL;30995;Otro;Mermelada light;Reduced-sugar jam;
CIQUAL;18100;Otro;Cacao puro en polvo;Unsweetened cocoa powder;
CIQUAL;11008;Otro;Kétchup;Ketchup;
CIQUAL;11013;Otro;Mostaza;Mustard;
CIQUAL;11104;Otro;Salsa de soja;Soy sauce;
CIQUAL;11018;Otro;Vinagre;Vinegar;
CIQUAL;11091;Otro;Vinagre balsámico;Balsamic vinegar;
CIQUAL;11179;Otro;Pesto;Pesto;
CIQUAL;25525;Otro;Salsa de tomate;Tomato sauce;
CIQUAL;11143;Otro;Bechamel;Béchamel sauce;
CIQUAL;25620;Otro;Guacamole;Guacamole;
CIQUAL;25947;Otro;Caldo de pollo;Chicken broth;
CIQUAL;25031;Otro;Paella;Paella;
CIQUAL;25404;Otro;Pizza margarita;Margherita pizza;
CIQUAL;25435;Otro;Pizza de jamón y queso;Ham and cheese pizza;
CIQUAL;25081;Otro;Lasaña de carne;Meat lasagne;
CIQUAL;25085;Otro;Espaguetis a la boloñesa;Spaghetti bolognese;
CIQUAL;25135;Otro;Pasta a la carbonara;Pasta carbonara;
CIQUAL;25413;Otro;Hamburguesa completa;Hamburger;
CIQUAL;25429;Otro;Kebab;Kebab;
CIQUAL;25522;Otro;Bocadillo;Sandwich;
CIQUAL;4049;Otro;Croquetas;Croquettes;
CIQUAL;25590;Otro;Falafel;Falafel;
CIQUAL;25138;Otro;Cuscús con pollo;Chicken couscous;
CIQUAL;11058;Otro;Sal;Salt;
